created_at,channel,region,city,product,user_type,status,amount
2026-08-12,A,East,Shanghai,P1,new,SUCCESS,120
2026-08-12,B,East,Shanghai,P1,new,FAILED,98
2026-08-13,B,East,Hangzhou,P2,existing,SUCCESS,160
2026-08-14,C,South,Shenzhen,P1,new,SUCCESS,210
2026-08-15,B,East,Shanghai,P2,new,FAILED,130
2026-08-16,A,North,Beijing,P1,existing,SUCCESS,88
2026-08-17,B,East,Shanghai,P2,new,FAILED,142
2026-08-18,B,East,Shanghai,P2,new,FAILED,155
2026-08-18,B,East,Shanghai,P1,new,FAILED,103
2026-08-18,C,South,Guangzhou,P3,existing,SUCCESS,190
2026-08-19,B,East,Hangzhou,P2,existing,SUCCESS,151
2026-08-19,A,East,Shanghai,P3,existing,SUCCESS,118
2026-08-20,B,East,Shanghai,P2,new,FAILED,147
2026-08-21,D,West,Chengdu,P1,new,SUCCESS,99
2026-08-22,B,East,Nanjing,P1,existing,SUCCESS,177
2026-08-23,A,East,Shanghai,P2,new,SUCCESS,125
2026-08-24,B,East,Shanghai,P2,new,FAILED,149
2026-08-25,C,South,Shenzhen,P3,new,SUCCESS,220
2026-08-26,B,East,Shanghai,P1,existing,SUCCESS,135
2026-08-27,B,East,Shanghai,P2,new,FAILED,152
